gender,name_title,name_first,name_last,location_street_number,location_street_name,location_city,location_state,location_country,location_postcode,location_coordinates_latitude,location_coordinates_longitude,location_timezone_offset,location_timezone_description,email,login_uuid,login_username,login_password,login_salt,login_md5,login_sha1,login_sha256,dob_date,dob_age,registered_date,registered_age,phone,cell,id_name,id_value,picture_large,picture_medium,picture_thumbnail,nat
female,Ms,مهرسا,نجاتی,7886,میدان صادقیه,زنجان,سمنان,Iran,22054,28.4041,7.0927,+5:30,"Bombay, Calcutta, Madras, New Delhi",mhrs.njty@example.com,bbebcc76-2681-40cd-ab23-1d7c597580f0,brownbutterfly871,bigbird,yHedV1yQ,ecf35926327211ff2119dfad89a3e535,30945324c796e6f9c3b634236e6d50235e1009eb,c2899869dcff03cb8247bdc413cd839d3d947e5122ed1aabb7e33b9218ee9db1,1971-07-08T05:06:24.376Z,49,2015-11-19T07:30:33.210Z,5,054-35090123,0976-612-7392,,null,https://randomuser.me/api/portraits/women/32.jpg,https://randomuser.me/api/portraits/med/women/32.jpg,https://randomuser.me/api/portraits/thumb/women/32.jpg,IR
male,Mr,Peter,Lindal,4212,Peder Grøns vei,Geilo,Møre og Romsdal,Norway,4064,-64.7501,-77.1031,+11:00,"Magadan, Solomon Islands, New Caledonia",peter.lindal@example.com,4baa14b5-e4d6-4c7f-aa36-667124e61e95,organicgoose819,talk,xDhjs5yg,d44a5a9637c6ceb6f7c2cb5b556cd09c,06b752c523fd63c91a441423d550319f30f7c337,90673e6efa0a2b9981e73d4611785184999071a365a147d77e3e48a5b4b76183,1984-12-09T09:57:30.218Z,36,2008-06-04T18:00:52.142Z,12,22979344,92720942,FN,09128412961,https://randomuser.me/api/portraits/men/0.jpg,https://randomuser.me/api/portraits/med/men/0.jpg,https://randomuser.me/api/portraits/thumb/men/0.jpg,NO
male,Mr,Mariano,Pastor,2604,Calle del Prado,Madrid,Cataluña,Spain,21543,53.9302,88.1104,-10:00,Hawaii,mariano.pastor@example.com,5014ebe5-76a3-4c30-a730-b765bb14d862,happymouse385,wage,r0wucLlw,9f60ee8c6cde79c45cb818001eb0a7ce,353e46a2c334d8f4319749bdbf41740a27f56bc2,31f6ddef1f6337ec1a4cc4f23c5f81e37e16f7dc09aa9719c1fd444889d6d0ce,1969-08-28T19:02:14.754Z,51,2002-10-19T12:49:03.079Z,18,968-370-077,633-433-364,DNI,23522007-S,https://randomuser.me/api/portraits/men/4.jpg,https://randomuser.me/api/portraits/med/men/4.jpg,https://randomuser.me/api/portraits/thumb/men/4.jpg,ES
female,Mrs,Gloria,Cortes,7144,Paseo de Zorrilla,Murcia,Galicia,Spain,35683,-39.5047,179.7239,+3:00,"Baghdad, Riyadh, Moscow, St. Petersburg",gloria.cortes@example.com,550925f6-a570-40ad-9c01-bc556554a636,orangebutterfly298,wallet,GnXC8usd,18412a7ebdbded03680eec44c620a11c,7619e7645e43bcade571297bc068cc095d29117f,5c3de74220edcaedfcc98e4792f09663e2a7ca2ff3730f4784b21d3d34bb4b37,1959-06-01T10:36:27.802Z,61,2008-08-27T13:49:13.065Z,12,995-241-345,614-428-787,DNI,72672751-A,https://randomuser.me/api/portraits/women/83.jpg,https://randomuser.me/api/portraits/med/women/83.jpg,https://randomuser.me/api/portraits/thumb/women/83.jpg,ES
male,Mr,Nihal,Dağlaroğlu,6968,Vatan Cd,Ankara,Hatay,Turkey,81887,5.5139,-87.1061,+11:00,"Magadan, Solomon Islands, New Caledonia",nihal.daglaroglu@example.com,310cb586-258b-4f8a-883c-7f540f81345d,tinymouse869,kurt,ZBSjIXx3,c32c67589a2a0e32dbbfb7164f5c5386,9c0858e1e1bee012904fba54c250bbd1b19ff0d5,58243728321faac161261fffcee7d31d68401ecd9e965bb7a0b9cf57aec60e0d,1962-09-09T19:04:29.214Z,58,2018-09-06T20:40:25.952Z,2,(087)-622-9086,(327)-746-0090,,null,https://randomuser.me/api/portraits/men/3.jpg,https://randomuser.me/api/portraits/med/men/3.jpg,https://randomuser.me/api/portraits/thumb/men/3.jpg,TR
male,Mr,Joe,Sutton,761,George Street,Mountmellick,Mayo,Ireland,15038,89.3578,32.5393,+9:00,"Tokyo, Seoul, Osaka, Sapporo, Yakutsk",joe.sutton@example.com,37256817-63dc-4ebb-b9c3-b820e6c4fbf1,whiteleopard317,1234567890,16Q1a83r,f3afa318a82a7d9f4571f8cd1d6869ae,2baaba444f10d0a4b9ec0cafd92a0089b0b7d91a,ad89d4c15ef33acf893a3b1cb553be80f2cd5aafb5a0ffe4d10c9c5777a32045,1958-03-04T11:10:32.308Z,62,2014-12-10T05:19:12.013Z,6,021-225-9668,081-397-1681,PPS,4942049T,https://randomuser.me/api/portraits/men/8.jpg,https://randomuser.me/api/portraits/med/men/8.jpg,https://randomuser.me/api/portraits/thumb/men/8.jpg,IE
male,Mr,Quiliano,Pires,2288,Avenida D. Pedro Ii,Eunápolis,Maranhão,Brazil,22457,-20.5829,107.5493,+1:00,"Brussels, Copenhagen, Madrid, Paris",quiliano.pires@example.com,d7b28c6e-8ead-45f0-8dbb-34f0da54bb6a,lazygorilla620,987987,VBo3c2g6,6554df527d29734361b606f55a1db060,14f4d51b1658d309d2aa96a6f47a782b79bcb95b,452f8091df02c581500fe3683e62dfbb9a13330a9c5bcc187bad8df474910643,1951-10-30T18:36:29.284Z,69,2003-03-30T17:34:29.158Z,17,(99) 4532-6581,(15) 2092-7325,,null,https://randomuser.me/api/portraits/men/99.jpg,https://randomuser.me/api/portraits/med/men/99.jpg,https://randomuser.me/api/portraits/thumb/men/99.jpg,BR
male,Mr,Gaspard,Berger,5207,Rue des Écoles,Metz,Cher,France,80835,-82.9894,-147.3586,-6:00,"Central Time (US & Canada), Mexico City",gaspard.berger@example.com,e0948ee1-3aa0-4dea-90fe-40f833b13448,saddog228,fuking,vWeiKQYF,617dd2dccfc323b1bba0cdd8035b5d48,a639719e247075a330a121f35bc0d0abcdca0997,c585a1f440bbc4a1ab9ff1af243b38afa0441964a60afd287defb9ebca94cd13,1977-02-06T07:45:46.828Z,43,2006-09-24T17:48:45.163Z,14,04-20-41-48-02,06-74-23-97-62,INSEE,1NNaN21043573 45,https://randomuser.me/api/portraits/men/67.jpg,https://randomuser.me/api/portraits/med/men/67.jpg,https://randomuser.me/api/portraits/thumb/men/67.jpg,FR
male,Mr,Neil,Warren,9798,Homestead Rd,Houston,Kansas,United States,92477,80.9688,49.7613,-5:00,"Eastern Time (US & Canada), Bogota, Lima",neil.warren@example.com,9d6fc29d-26f7-4306-b15c-c730452c73d0,greencat457,spencer,z6NsyKJr,cbac022dd49201a22832c15995dcc7a6,113831f16243b935963810d543430fbaf7eab870,80876bce779547c64f247a848084889b9688cd646f03737f330fd5d7318fa0b1,1978-11-20T18:54:01.857Z,42,2016-04-16T09:52:01.773Z,4,(966)-275-3259,(504)-197-0613,SSN,206-91-0387,https://randomuser.me/api/portraits/men/85.jpg,https://randomuser.me/api/portraits/med/men/85.jpg,https://randomuser.me/api/portraits/thumb/men/85.jpg,US
male,Mr,Joshua,Cooper,6684,Hillside Road,Christchurch,Northland,New Zealand,10496,64.9286,-139.7445,-10:00,Hawaii,joshua.cooper@example.com,e076920f-ef78-4539-9d11-931f4c538755,bluebutterfly543,dolemite,dj5JmtY6,6a3f9f1e53d00a7d48c48c9ef34698c1,a72820d190e93c9b3973388970d8686e09aaf8a4,9908a25df1c67f43d8156e662ff453a0c2c5ad01bfda4747d09924e1bb9d4405,1954-06-14T23:46:02.060Z,66,2002-09-17T00:22:00.718Z,18,(948)-384-2705,(209)-829-7429,,null,https://randomuser.me/api/portraits/men/65.jpg,https://randomuser.me/api/portraits/med/men/65.jpg,https://randomuser.me/api/portraits/thumb/men/65.jpg,NZ
male,Monsieur,Pasquale,Dufour,9748,Place de la Mairie,Bercher,Aargau,Switzerland,7642,-81.7881,-104.7376,+7:00,"Bangkok, Hanoi, Jakarta",pasquale.dufour@example.com,8b72c5c1-29ad-485b-a294-ab30626d13b7,angrymouse735,bones,NBUhXe3l,667b34d989d661125341364493c5a2c7,383b54aabbc8f4920d54db83f1931dd4f2a246da,85a79a4fb8b20e98f5a0a0022852c649e23b0f150b234fc97d0e46ac56b7faf4,1988-04-18T14:23:18.392Z,32,2002-09-24T09:45:34.019Z,18,076 851 59 62,076 622 14 26,AVS,756.6411.4212.67,https://randomuser.me/api/portraits/men/11.jpg,https://randomuser.me/api/portraits/med/men/11.jpg,https://randomuser.me/api/portraits/thumb/men/11.jpg,CH
female,Miss,Jessie,Woods,2192,W Pecan St,Shepparton,Western Australia,Australia,1073,-40.4317,-58.5410,+5:45,Kathmandu,jessie.woods@example.com,eca34307-58c4-46bf-9be3-f664e6ea4699,brownladybug539,lemons,pbahDTLs,4d53f64550412edec25dc9728ff65280,30a92c0b74c072e636bc7d15fb636caea47cf59c,6517f96476d7134291a99258a5619192a2d4cdc54df962dacb7a8aec1b9fc5cc,1948-03-16T02:10:49.702Z,72,2008-02-11T12:47:18.922Z,12,02-6083-0645,0402-597-715,TFN,499772372,https://randomuser.me/api/portraits/women/6.jpg,https://randomuser.me/api/portraits/med/women/6.jpg,https://randomuser.me/api/portraits/thumb/women/6.jpg,AU
female,Miss,زهرا,کوتی,1568,سهروردی,بندرعباس,ایلام,Iran,78188,-40.2661,122.7789,+3:00,"Baghdad, Riyadh, Moscow, St. Petersburg",zhr.khwty@example.com,616acdfa-a3c8-4539-b806-1fc0a26309e2,organicdog214,omega1,HxjBvKCX,aec3a30d7ec768310e7578d5690e3b23,b632474e18674de9120369831a63ab0253cb0b0d,ec321150ba2fd7570c70743e1fa7513698b70f299c45f31736177d99ba029421,1966-04-08T23:01:37.552Z,54,2004-01-11T14:30:09.929Z,16,022-70223947,0922-264-9455,,null,https://randomuser.me/api/portraits/women/27.jpg,https://randomuser.me/api/portraits/med/women/27.jpg,https://randomuser.me/api/portraits/thumb/women/27.jpg,IR
female,Miss,Nicole,Dean,170,Westheimer Rd,Wagga Wagga,Queensland,Australia,7049,-74.2224,-38.3695,+2:00,"Kaliningrad, South Africa",nicole.dean@example.com,dce7911a-6180-412e-935c-e431720af6e5,smallduck101,porno1,yJkN3jhe,a5b5ec1f87568a9978858d28ac3e1656,60668722a1ea939ff6664f65be368da22f502f75,ce6c87e2f218dc1a10c533e7a2099ccd2b33567cc4f381acda79a9965458ee56,1963-05-07T22:32:54.774Z,57,2017-03-14T07:05:03.034Z,3,09-9602-7356,0407-689-136,TFN,927854605,https://randomuser.me/api/portraits/women/41.jpg,https://randomuser.me/api/portraits/med/women/41.jpg,https://randomuser.me/api/portraits/thumb/women/41.jpg,AU
male,Mr,Ege,Hakyemez,5963,Anafartalar Cd,Çankırı,Balıkesir,Turkey,20719,55.8607,-23.2491,+5:45,Kathmandu,ege.hakyemez@example.com,3b0840fd-3fc6-43e3-9c3c-f410fa7c1c1d,bigladybug980,purdue,ji81TUPw,be3be17156493f889fa53eaec56e1bd4,10f4d8ea2f3fd815571ea0a612aaf8ea8f75f22b,841034ac795068e814be5148779b443253f7ec06c28c2d5446aa2f74c64b1006,1971-07-27T13:01:18.661Z,49,2017-12-21T05:09:50.801Z,3,(091)-967-2415,(590)-465-3036,,null,https://randomuser.me/api/portraits/men/77.jpg,https://randomuser.me/api/portraits/med/men/77.jpg,https://randomuser.me/api/portraits/thumb/men/77.jpg,TR
male,Mr,Rudolf,Hillebrand,3846,Waldstraße,Rödental,Niedersachsen,Germany,16946,-55.3031,-122.9756,-6:00,"Central Time (US & Canada), Mexico City",rudolf.hillebrand@example.com,0abc01b4-d928-4fa3-8a33-264aa6216314,brownleopard927,boxster,H5Gl8utc,c9e073da9188e324af4239245b4a25bc,2751a288eb35583168235155b9ddd3c5edf00542,13ce7ad70fe1750f8711e7fe3702f43af86ef9341ecc2b6cce2975474876035c,1978-08-26T18:50:15.650Z,42,2007-09-12T18:53:07.677Z,13,0444-4248463,0173-8140522,,null,https://randomuser.me/api/portraits/men/75.jpg,https://randomuser.me/api/portraits/med/men/75.jpg,https://randomuser.me/api/portraits/thumb/men/75.jpg,DE
male,Mr,Lukas,Marchand,1639,Rue André-Gide,Roubaix,Marne,France,29506,25.7149,74.0689,+9:00,"Tokyo, Seoul, Osaka, Sapporo, Yakutsk",lukas.marchand@example.com,0a7f3b3e-bf13-4001-bb94-8377151390d5,redlion511,gertrude,HhSw9YnP,c7df02dc3669060e843e79638956af3e,aa8e1112211594504fb77f30a1df389a56fc2e5a,192f9a467a11057038250bd9be583a486afdfdf526ebec4bbcbb15303bc937d2,1954-09-28T17:54:58.653Z,66,2003-09-14T05:30:06.056Z,17,03-02-70-76-70,06-82-67-26-33,INSEE,1NNaN24835762 81,https://randomuser.me/api/portraits/men/39.jpg,https://randomuser.me/api/portraits/med/men/39.jpg,https://randomuser.me/api/portraits/thumb/men/39.jpg,FR
female,Ms,Waldtraut,Becher,225,Friedhofstraße,Winterberg,Bayern,Germany,16034,-88.7083,42.4818,-7:00,Mountain Time (US & Canada),waldtraut.becher@example.com,78038fcc-197f-4ebb-85c3-1ad6e382542c,redgoose664,pointer,tpKxN3zx,46442b185a3a5a8e2474e1b8d993cf09,4593e067a40903a3fabff61cae6334f1a7a5be3d,3b4ac76c336531f649f246e90c02982773452425a982aac36564214837c4d916,1983-11-30T07:41:25.860Z,37,2005-10-12T01:35:19.266Z,15,0226-0501163,0179-2343124,,null,https://randomuser.me/api/portraits/women/49.jpg,https://randomuser.me/api/portraits/med/women/49.jpg,https://randomuser.me/api/portraits/thumb/women/49.jpg,DE
male,Mr,Ryan,Harris,3187,West Quay,Lower Hutt,Canterbury,New Zealand,60995,6.4414,-41.4207,-8:00,Pacific Time (US & Canada),ryan.harris@example.com,27597ca9-2261-4434-8134-6f7b34496e69,bigpeacock346,13131313,akSRz6nu,608bb3c02b881238dade2eba87cde17a,1aecf0fdcd48a41f9d736d507c8f9f0eae89f19b,ca442448a4f0741b0ba7e7a4cfb1149ae15e6cd1827a0e8634f7430e0cd88550,1950-03-09T10:38:38.986Z,70,2016-02-18T00:03:06.712Z,4,(557)-911-6274,(435)-429-9495,,null,https://randomuser.me/api/portraits/men/73.jpg,https://randomuser.me/api/portraits/med/men/73.jpg,https://randomuser.me/api/portraits/thumb/men/73.jpg,NZ
female,Ms,Nieves,Santos,1606,Calle Nebrija,Cuenca,Islas Baleares,Spain,13432,16.1502,-171.0968,+5:45,Kathmandu,nieves.santos@example.com,ab3380fe-7169-42ae-a11b-c305d6eeb14b,greenzebra752,hero,AT6wiGUJ,22d5fe860c8669cd32ad36e3e685b7e1,521106c297cb241adad8ef7834268db77e0cf381,5bb8e104653e98b0ea32472616272413892f2a9662d3703cf84dd18b3be6984e,1961-12-20T13:15:50.611Z,59,2014-07-30T18:36:14.580Z,6,917-110-328,644-234-235,DNI,50766197-H,https://randomuser.me/api/portraits/women/78.jpg,https://randomuser.me/api/portraits/med/women/78.jpg,https://randomuser.me/api/portraits/thumb/women/78.jpg,ES
male,Mr,Adam,Ellis,166,Brick Kiln Road,Southampton,Shropshire,United Kingdom,OX21 1HE,-34.5838,19.4775,+7:00,"Bangkok, Hanoi, Jakarta",adam.ellis@example.com,90b9ce36-bf4b-4d86-a09b-e456c9131122,yellowswan862,punisher,DzKqLJu3,f87a0963ff1ed912198ec3abb43bb6fb,88e707db3318df60477c44eb19628b2b9a9cefde,6542d31ef7f6611faa8f9c67365f3a0c2c670e56204ec2af74c01c8ada922e75,1981-01-04T02:31:06.155Z,39,2007-04-05T08:27:48.938Z,13,016973 13737,0710-649-023,NINO,LL 47 52 36 W,https://randomuser.me/api/portraits/men/94.jpg,https://randomuser.me/api/portraits/med/men/94.jpg,https://randomuser.me/api/portraits/thumb/men/94.jpg,GB
female,Miss,Alexandra,Dupuis,1420,Avenue du Fort-Caire,Aubervilliers,Corse-du-Sud,France,12431,83.5354,125.4437,-7:00,Mountain Time (US & Canada),alexandra.dupuis@example.com,bca5b17f-7ec0-4f2f-9b46-188f17b96069,organicbutterfly758,lacrosse,nel2cDsl,9b3f9278d7233248e072d7b0d869ca68,a0c35f10b46befbccca8e0270fdb5de491fe9d79,ae45be9a25a008f0546a620f30af5b4d0feaa2e86e0ffba4b72970810d498d7d,1961-08-01T02:43:33.018Z,59,2019-06-27T03:10:31.663Z,1,05-49-46-81-59,06-16-42-98-45,INSEE,2NNaN72203970 33,https://randomuser.me/api/portraits/women/88.jpg,https://randomuser.me/api/portraits/med/women/88.jpg,https://randomuser.me/api/portraits/thumb/women/88.jpg,FR
male,Mr,Gianluca,Wiegman,6850,Anholtseweg,Hekelingen,Drenthe,Netherlands,74026,-44.5340,-72.7301,-8:00,Pacific Time (US & Canada),gianluca.wiegman@example.com,d536fb81-8e82-4f54-8248-ea5c676737d6,browndog906,test123,QHvr2kgE,6cca049cd9577106cecd88bb36e0c610,18bc6eac9fbb0aa54136c81539011fc0749d80a7,2ba9b12f23ef546724a43bf5d63d9861add06bf24da9df0f13227c42e8587a51,1953-04-04T11:42:24.281Z,67,2017-08-27T18:09:57.633Z,3,(791)-320-3771,(435)-854-9090,BSN,87658156,https://randomuser.me/api/portraits/men/52.jpg,https://randomuser.me/api/portraits/med/men/52.jpg,https://randomuser.me/api/portraits/thumb/men/52.jpg,NL
female,Miss,Norah,Roger,4574,Rue de L'Abbé-Grégoire,Villeurbanne,Vosges,France,24835,35.8808,-56.4481,-9:00,Alaska,norah.roger@example.com,5d261933-7489-4e26-8a38-2b5fd3a6a972,silverfish682,bigboobs,WfoOe9rt,e54bff9947c05c205dd4a609ff9e0026,dc8390cb3dddd82a8f3252c89c706d5cac4cca71,2f96cf57066fadd7abca3868fc6ebe495103ab0a68da679515b243fd1d7fa631,1987-12-19T15:11:34.818Z,33,2011-03-12T18:40:37.027Z,9,01-71-32-11-69,06-34-56-76-07,INSEE,2NNaN19797967 95,https://randomuser.me/api/portraits/women/44.jpg,https://randomuser.me/api/portraits/med/women/44.jpg,https://randomuser.me/api/portraits/thumb/women/44.jpg,FR
male,Mr,Ali,Duygulu,7685,Şehitler Cd,Eskişehir,Aksaray,Turkey,87817,-74.7508,-38.2365,-8:00,Pacific Time (US & Canada),ali.duygulu@example.com,714b0cac-1d4a-4c4a-a637-c59ba4d34df0,happypeacock495,microsoft,4dKCkirm,f1e6f1cad512bf67c1a04bb17d7c5fcf,357cdc24fea232b19f3ff767ae2e58b0f0157364,50b42f44e9445763bb04a0b490ae9c0022c46f7a913bb5336530a39479b96b90,1989-03-17T01:35:43.275Z,31,2009-02-02T07:49:03.850Z,11,(351)-228-2205,(906)-981-8527,,null,https://randomuser.me/api/portraits/men/49.jpg,https://randomuser.me/api/portraits/med/men/49.jpg,https://randomuser.me/api/portraits/thumb/men/49.jpg,TR
male,Mr,Simen,Onstein,8980,Heerebeemd,Achttienhoven,Noord-Brabant,Netherlands,12074,67.1136,-114.8431,-2:00,Mid-Atlantic,simen.onstein@example.com,05f11539-5ad6-45ba-9ab3-833a18122a4e,brownmouse459,johnny5,4WcSx70L,b7cdf745188819d2eff2964a40ca62a0,a88ddb00db909fdde9b12210e909209439d73a07,71d11daa156ba9241c9dcb2ed7f5e136556c106905e3de270aa181bfb143f09f,1949-07-12T00:24:30.530Z,71,2003-10-30T23:50:34.841Z,17,(222)-271-0191,(637)-025-0709,BSN,39170779,https://randomuser.me/api/portraits/men/50.jpg,https://randomuser.me/api/portraits/med/men/50.jpg,https://randomuser.me/api/portraits/thumb/men/50.jpg,NL
male,Mr,Braxton,Jackson,1429,Botany Road,Dunedin,Marlborough,New Zealand,51713,-52.8965,-38.0434,+4:30,Kabul,braxton.jackson@example.com,75247d2d-425f-4629-82bb-6e3502b41cb9,blackwolf167,misfits,CJHB9ZvG,c9ee1080e7548166667b0b75c1e779ad,4b6ea1a96d416d9ae6f55efe2f18f3b6a970c5e6,9f8cbe1fce260b7222a5ce7fe132043deaa1b2aea494628e669719bf01e4d178,1973-04-13T05:28:08.808Z,47,2009-10-21T04:52:41.012Z,11,(213)-551-7900,(946)-804-8537,,null,https://randomuser.me/api/portraits/men/15.jpg,https://randomuser.me/api/portraits/med/men/15.jpg,https://randomuser.me/api/portraits/thumb/men/15.jpg,NZ
male,Mr,Eeli,Karvonen,7477,Nordenskiöldinkatu,Pihtipudas,Southern Savonia,Finland,48063,11.2632,75.7033,+6:00,"Almaty, Dhaka, Colombo",eeli.karvonen@example.com,f2294c76-5964-4fe7-b96b-bedc2e3b06be,angrypanda457,maxxxx,D6vVqVbZ,903faf6a2b899b2694b489da9c0412f3,3ed4e4c60da5023eb994d53d99679e1802f6f579,4ed8f9a5a5e03d11f9888b920b4c90081dc6d65366b5f03e132464e21752b2b0,1980-03-11T01:33:31.365Z,40,2004-05-01T05:20:32.686Z,16,08-946-154,046-349-69-66,HETU,NaNNA487undefined,https://randomuser.me/api/portraits/men/18.jpg,https://randomuser.me/api/portraits/med/men/18.jpg,https://randomuser.me/api/portraits/thumb/men/18.jpg,FI
male,Mr,Gileade,Dias,1261,Avenida Vinícius de Morais,Uberaba,Minas Gerais,Brazil,43123,-23.3032,-128.6328,-10:00,Hawaii,gileade.dias@example.com,8c965fb5-bc2c-4120-93c6-635744890caa,goldenbear134,musicman,jZxvcI0u,cf3eaeb2cfc1b4a08645c58ede051d3a,254898d987a99a0048199c812744ec3ecff71c23,c3c3cee72b9cab41fda03a20dc265200afef9a9963f1f57b435b03254e842d4c,1995-08-05T01:38:47.009Z,25,2017-11-27T08:55:55.114Z,3,(16) 5637-9710,(32) 8114-8560,,null,https://randomuser.me/api/portraits/men/0.jpg,https://randomuser.me/api/portraits/med/men/0.jpg,https://randomuser.me/api/portraits/thumb/men/0.jpg,BR
female,Ms,Buse,Dalkıran,4802,Talak Göktepe Cd,Batman,Yozgat,Turkey,23540,-63.4155,146.8192,+4:30,Kabul,buse.dalkiran@example.com,b48703d0-1cc0-4769-8995-ebfdda4f9004,tinykoala187,atlas,fnuBBzoF,a5e056c416977a1b54ba91e6d10ccac7,ba5fa5501d54b7071c13f74c639307d0700919c3,ef478bc379427b5a344619682cfde6cf214fba7c4b3b9a838db029d98b5a950a,1977-04-30T16:44:07.402Z,43,2018-03-24T12:54:07.015Z,2,(915)-332-8680,(157)-762-4024,,null,https://randomuser.me/api/portraits/women/29.jpg,https://randomuser.me/api/portraits/med/women/29.jpg,https://randomuser.me/api/portraits/thumb/women/29.jpg,TR
female,Mrs,Encarnacion,Nieto,4321,Calle de Tetuán,La Coruña,Galicia,Spain,30714,-37.9897,27.2510,+4:30,Kabul,encarnacion.nieto@example.com,89f3df92-b634-42fb-8679-f458aac2b324,redkoala460,zerocool,vh0R9ZnV,653d1d2240c64aac3fc73c6794f87b11,ef636f3a50508a9ec1795183a21f11e56decc102,d5935cfcecc4df1f94ce00c027391a68c72bdd9b6a1cb5fda74c43d805ff7bb4,1959-04-20T18:43:12.093Z,61,2010-03-12T00:54:12.068Z,10,963-533-489,642-791-190,DNI,64913745-Q,https://randomuser.me/api/portraits/women/20.jpg,https://randomuser.me/api/portraits/med/women/20.jpg,https://randomuser.me/api/portraits/thumb/women/20.jpg,ES
male,Monsieur,Viktor,Lucas,5789,Boulevard de la Duchère,Hölstein,Schwyz,Switzerland,3797,-53.1106,-167.6469,-6:00,"Central Time (US & Canada), Mexico City",viktor.lucas@example.com,ec1727f2-9b12-4a4d-9843-75d25b5b809b,redmeercat648,turnip,lkSemiGA,e8bca09a060e69fec2852b2d107101ab,1de95c97ce46c27a3466ba29290267d5091f6d3c,696aec1aecfd262275440c42a06268d87c0ad3fd2975a2fc2ec5943d90661d7d,1997-04-22T21:13:51.498Z,23,2007-09-28T02:07:09.573Z,13,078 573 09 03,075 623 41 57,AVS,756.8901.2640.56,https://randomuser.me/api/portraits/men/52.jpg,https://randomuser.me/api/portraits/med/men/52.jpg,https://randomuser.me/api/portraits/thumb/men/52.jpg,CH
female,Ms,Lotta,Kauppi,2661,Mechelininkatu,Vantaa,Southern Ostrobothnia,Finland,40998,-86.1696,-17.8235,-11:00,"Midway Island, Samoa",lotta.kauppi@example.com,adb7c4cc-52a2-43cd-ba3d-afebcbaadf36,bigmeercat378,irishman,YrSZ1w1L,ebd8e7f6383e6409e23f4402671d0c7a,3a3803afc8b467833243f9b1a68e57a83b585455,86a2ed4d2e3ba5bcd6684ed202af9efbd60cbaed88dc6a5d80c172c6f5464f04,1977-08-12T16:57:20.710Z,43,2013-02-16T07:56:44.905Z,7,03-696-932,042-629-11-35,HETU,NaNNA142undefined,https://randomuser.me/api/portraits/women/87.jpg,https://randomuser.me/api/portraits/med/women/87.jpg,https://randomuser.me/api/portraits/thumb/women/87.jpg,FI
female,Mrs,Iida,Salo,9842,Tahmelantie,Rantasalmi,Åland,Finland,90438,25.5064,179.8042,+9:00,"Tokyo, Seoul, Osaka, Sapporo, Yakutsk",iida.salo@example.com,7461810b-7f04-4699-9948-ebf571598ec8,crazybutterfly859,death1,fFb9GJDE,7ad7232756ffa77549c1817133733ffd,ef45fd2373d69f30172f6faffc5b8db5772b2e82,a4a31f902499b6bd7ec0489c410f009982d562bb98ddf0d0f205684a7d374a14,1993-09-09T03:55:59.618Z,27,2010-11-28T06:46:41.427Z,10,08-045-808,044-836-24-44,HETU,NaNNA862undefined,https://randomuser.me/api/portraits/women/47.jpg,https://randomuser.me/api/portraits/med/women/47.jpg,https://randomuser.me/api/portraits/thumb/women/47.jpg,FI
male,Mr,Tyler,Wade,8567,West Street,Tramore,Dún Laoghaire–Rathdown,Ireland,65763,74.5912,-85.1808,+3:00,"Baghdad, Riyadh, Moscow, St. Petersburg",tyler.wade@example.com,11527dfb-afd4-4ae0-a6a6-77b9459d7e04,crazydog440,wildone,T8bF6lgP,c66eeb2f4d1fcb444f60e80f0abbab19,cfa3fef28e3e6908817eac7c4fdddbd28ed11ca0,533895246b06a48ae6cc45fb1c5640cb5739600e664a6d685eec71de8159846c,1987-07-26T06:33:23.197Z,33,2009-04-11T23:07:50.155Z,11,031-226-3919,081-561-8413,PPS,5236664T,https://randomuser.me/api/portraits/men/43.jpg,https://randomuser.me/api/portraits/med/men/43.jpg,https://randomuser.me/api/portraits/thumb/men/43.jpg,IE
male,Mr,Curtis,Lewis,1254,Stevens Creek Blvd,Laredo,Louisiana,United States,42253,-66.1917,-108.2876,+6:00,"Almaty, Dhaka, Colombo",curtis.lewis@example.com,21130313-d074-4289-9b5f-ed7e79d28f2a,greenduck136,1995,xMyWOwk5,81449940b7f467436ff1b391b6e1dfd3,eee3fc94b5a1035894276d7265238aae66d025fb,664710074aa15643b2abdafffe680cc48b386d880163f1316bf4722db3392949,1982-11-17T00:49:07.043Z,38,2014-08-19T16:46:51.404Z,6,(827)-308-9935,(077)-975-8328,SSN,268-63-8354,https://randomuser.me/api/portraits/men/84.jpg,https://randomuser.me/api/portraits/med/men/84.jpg,https://randomuser.me/api/portraits/thumb/men/84.jpg,US
male,Mr,John,Thomas,8387,Aldwins Road,Tauranga,Hawke'S Bay,New Zealand,66742,-3.8657,-92.6255,+6:00,"Almaty, Dhaka, Colombo",john.thomas@example.com,fd78c440-6fb1-456b-b5f2-a050ba854d21,orangecat962,wwwwwwww,XFZR0EQf,65bc0f54c619c40808d670378825ba31,cd4eb6209fc94c6f001be8c3b0b4e391c9b28dad,477496376d442caabdf863d80a5c107f0e3cf6ddaeb1e758dac42067e93d8e69,1950-11-14T15:59:13.099Z,70,2018-10-06T11:59:18.029Z,2,(093)-827-5064,(982)-861-8321,,null,https://randomuser.me/api/portraits/men/17.jpg,https://randomuser.me/api/portraits/med/men/17.jpg,https://randomuser.me/api/portraits/thumb/men/17.jpg,NZ
female,Miss,Lilja,Moilanen,6845,Hatanpään Valtatie,Liminka,Southern Ostrobothnia,Finland,34858,-2.4063,140.8680,-2:00,Mid-Atlantic,lilja.moilanen@example.com,32e2e8be-2530-45bc-b759-d86e0e1dca9c,blackfrog302,ghost1,VFyKGGSH,f8b68d4ba5d01979c73f30a96c174138,c2d244c16803c4b5158e3f629dab3cef019d805f,1d62951c397a18f1076a612d294b798b7bb3f8d170969708ea9ab29eaade98e7,1959-10-14T19:03:56.645Z,61,2003-12-17T01:23:49.304Z,17,02-390-183,041-890-86-97,HETU,NaNNA068undefined,https://randomuser.me/api/portraits/women/53.jpg,https://randomuser.me/api/portraits/med/women/53.jpg,https://randomuser.me/api/portraits/thumb/women/53.jpg,FI
male,Mr,Jeffery,Perry,6083,Elgin St,Darwin,Western Australia,Australia,7668,-68.8688,21.0077,-1:00,"Azores, Cape Verde Islands",jeffery.perry@example.com,a8ede417-8ff2-4c13-a1f4-52c4ac870b15,redzebra453,1971,9iflNzge,c1f618c9650276d998a2c4dddbc72fa4,89334245ddd7ad774702b2a49001f136ae4efcd6,846fabe5c3ea5564ac62904e46f4c741f03224345ac2dd4753e731539e2aa69b,1976-05-04T11:40:11.211Z,44,2012-09-12T17:53:24.355Z,8,09-9577-0071,0462-664-115,TFN,409707314,https://randomuser.me/api/portraits/men/46.jpg,https://randomuser.me/api/portraits/med/men/46.jpg,https://randomuser.me/api/portraits/thumb/men/46.jpg,AU
male,Mr,Josep,Benitez,7858,Ronda de Toledo,Almería,Andalucía,Spain,40438,-53.1993,-117.8852,-4:00,"Atlantic Time (Canada), Caracas, La Paz",josep.benitez@example.com,3be578ab-a0b1-4fcf-8eac-ebe2042c55dd,redfrog198,snake1,K7rHvHIM,805171e8fd1ab5d75fab7ce14ababe03,b5d0dae895f5433ed6ac4c45d17dd47d64459add,ebc4afd4cbe36047c19fbef338dc1826f2bc714e88d941626d697079603c1d46,1988-02-25T03:44:26.826Z,32,2015-05-12T08:13:30.324Z,5,940-596-640,618-955-669,DNI,68374034-K,https://randomuser.me/api/portraits/men/16.jpg,https://randomuser.me/api/portraits/med/men/16.jpg,https://randomuser.me/api/portraits/thumb/men/16.jpg,ES
female,Miss,Milla,Lampo,7532,Rautatienkatu,Enontekiö,Northern Savonia,Finland,21190,69.7211,-158.9734,-6:00,"Central Time (US & Canada), Mexico City",milla.lampo@example.com,97224396-c7d6-4768-a44d-4418e0bfd3c9,happygoose205,massage,ArdjpGns,57aa1b1c1d00bf80570a3162adf6e229,ece25c8e8c2fb477793372caf2a5e053efd69cfe,609a6d7f643c8e93779eb96d6c03b3ec6ee19768039876e541ce1af798d1f452,1950-07-19T18:20:02.863Z,70,2004-02-12T23:04:50.896Z,16,09-438-908,049-212-64-82,HETU,NaNNA420undefined,https://randomuser.me/api/portraits/women/87.jpg,https://randomuser.me/api/portraits/med/women/87.jpg,https://randomuser.me/api/portraits/thumb/women/87.jpg,FI
female,Ms,Marlene,Kaupang,7643,Badebakken,Sem,Oslo,Norway,6416,-41.7231,83.5486,+5:30,"Bombay, Calcutta, Madras, New Delhi",marlene.kaupang@example.com,b6d86ea0-80ec-40b6-af97-4961183343c2,bluepanda319,151515,lT4ZKnyV,64a22e8e5c3929dd40cfeea175b0b9da,729520b274ad46f06f694548607ad268a833fe4e,cfa65c1530afa20e858ad1941c2c54f56937cae82b948a85c19e5cba15cb0009,1964-05-15T06:57:40.177Z,56,2013-03-08T07:54:45.723Z,7,53264274,99046612,FN,15056403601,https://randomuser.me/api/portraits/women/55.jpg,https://randomuser.me/api/portraits/med/women/55.jpg,https://randomuser.me/api/portraits/thumb/women/55.jpg,NO
female,Mrs,Heather,Kelley,6053,Church Lane,Truro,Lincolnshire,United Kingdom,FU98 8AP,-88.8075,-111.7930,-3:30,Newfoundland,heather.kelley@example.com,e3a6c138-0b0f-46e2-b0cc-fd224a212677,ticklishrabbit430,bronson,0j1X2uQe,08438a54513243b3e5e4fbda272595d2,6979538dfd9ec95ba34a5df4788e5e3fc4c32cb9,3b6199fe1a06412b9221a6194cb98c328295ad4e80414662e33c21cbe3014377,1993-03-06T05:22:24.921Z,27,2014-12-18T16:31:26.238Z,6,027 6821 0741,0792-323-443,NINO,RP 21 57 99 U,https://randomuser.me/api/portraits/women/10.jpg,https://randomuser.me/api/portraits/med/women/10.jpg,https://randomuser.me/api/portraits/thumb/women/10.jpg,GB
male,Mr,Jayden,Johnson,6809,Wellington St,Chatham,New Brunswick,Canada,H9H 7V9,12.2763,12.2794,+9:30,"Adelaide, Darwin",jayden.johnson@example.com,7fd5892f-1862-4325-881c-e00f7ae07d85,ticklishpeacock388,rolltide,2fyH9do6,f95e477783f52ebaf053615742ea07aa,215489ed15329a33f9e59e158e20aaff92117002,65302d840224bc035a17a9dad3754edbcc9cc34c28bcdbba278ebcc780b84f09,1956-05-28T08:55:39.991Z,64,2004-12-01T10:41:58.843Z,16,433-085-8344,633-715-0352,,null,https://randomuser.me/api/portraits/men/49.jpg,https://randomuser.me/api/portraits/med/men/49.jpg,https://randomuser.me/api/portraits/thumb/men/49.jpg,CA
female,Mrs,Liva,Jensen,8579,Mågevej,Hornbæk,Nordjylland,Denmark,40293,41.6237,-20.3108,-1:00,"Azores, Cape Verde Islands",liva.jensen@example.com,724cb7ad-67e5-4c4c-8d90-b6a12de7a187,bigsnake875,hillary,o7fKGkKc,c26ee938c51c66f8727f3999c3e31a27,8859e5ac72806b7819e917436f0c944154b257b6,b134350d7d25e456b2aa345a38d8dd2828a17b111d2ea40a12f1dd923297d3a5,1971-01-27T07:41:35.725Z,49,2008-09-05T10:59:09.847Z,12,34497958,34083231,CPR,270171-0096,https://randomuser.me/api/portraits/women/38.jpg,https://randomuser.me/api/portraits/med/women/38.jpg,https://randomuser.me/api/portraits/thumb/women/38.jpg,DK
male,Mr,Fernando,Morales,3306,Stevens Creek Blvd,Waco,Idaho,United States,12787,20.0066,-48.5922,-12:00,"Eniwetok, Kwajalein",fernando.morales@example.com,7fafba6d-a116-4612-9e75-2d6508f5a400,heavyelephant484,dentist,Yz7BRKYC,1977283dc9487775e2487d5ef3b537ee,efdcf171f9ce33df56999a980a8448399755efbd,19b1303716d6fc56178397309307f6f5f0186455d5c0b66e38c3a93208dedf8e,1970-02-20T14:31:02.703Z,50,2011-09-07T09:41:14.044Z,9,(687)-099-7047,(584)-456-7248,SSN,631-78-2024,https://randomuser.me/api/portraits/men/15.jpg,https://randomuser.me/api/portraits/med/men/15.jpg,https://randomuser.me/api/portraits/thumb/men/15.jpg,US
female,Mrs,Paula,Miles,7296,First Street,Cary,Hawaii,United States,73249,79.4979,142.4367,-10:00,Hawaii,paula.miles@example.com,01a9a5bf-c305-43d1-a6d8-a1ec24da74ed,blackwolf122,barry1,pWtsMM13,83db5faa7a66a1d774982f69f64cad85,75b9ab51000c6d699bbc4313035b5516a8978918,5479d52e66a65536835b15b79abd1f3a283dacebbc2e154d8186928e3d0f9200,1969-06-03T03:51:49.278Z,51,2015-10-24T06:49:55.324Z,5,(176)-660-7178,(174)-212-1304,SSN,195-88-4203,https://randomuser.me/api/portraits/women/58.jpg,https://randomuser.me/api/portraits/med/women/58.jpg,https://randomuser.me/api/portraits/thumb/women/58.jpg,US
male,Mr,Marius,Christiansen,6934,Åparken,Nr Åby,Danmark,Denmark,13529,-62.9190,-145.8374,+5:45,Kathmandu,marius.christiansen@example.com,35776381-e719-4e4f-a855-4c9d029cca37,greendog681,action,pFDwgOmI,1d167859b26d0ed4916a2927f8dbf2ca,2a07b662de4f6f423cf8ae2351af859962c513c2,2238b52ebfb68cf6eaad724a2e3625f17c354848f6fb744c880b7d8dc31a142c,1955-10-27T09:33:51.957Z,65,2015-08-11T04:45:25.297Z,5,96653832,92060050,CPR,271055-4561,https://randomuser.me/api/portraits/men/81.jpg,https://randomuser.me/api/portraits/med/men/81.jpg,https://randomuser.me/api/portraits/thumb/men/81.jpg,DK
male,Mr,Aiden,Anderson,6037,Cedar St,Windsor,Ontario,Canada,I2I 7K4,-75.0420,-93.5526,-3:30,Newfoundland,aiden.anderson@example.com,6685a9a6-96a3-452f-bfd3-cfa76473a585,angrywolf727,knicks,fMi7h2eM,38b9d31a7c7ceecab922c92dbaf5e726,bf23f64921c3510e172acbafc12d5ec129dc314e,49bbba5e9a1c056508440874b43044d93d29342003e900495250c153bc44d977,1955-10-01T06:55:52.012Z,65,2008-04-04T17:39:36.008Z,12,951-639-3359,510-458-7553,,null,https://randomuser.me/api/portraits/men/78.jpg,https://randomuser.me/api/portraits/med/men/78.jpg,https://randomuser.me/api/portraits/thumb/men/78.jpg,CA
male,Monsieur,Toni,Dumas,3413,Avenue Paul Eluard,Hasliberg,Zürich,Switzerland,4630,-31.2251,-31.6436,0:00,"Western Europe Time, London, Lisbon, Casablanca",toni.dumas@example.com,df73cf23-f196-4e25-868a-33f93926a522,bluegorilla822,cobra1,BSizrCJy,5fca965a9bed815cd68e64e4b0363e12,28359500289ffe03ac4ea67a29c153f0ea473918,f6aee3dbe8be7fb39b33b1dc6d65a7f3d291f78fbe34fa8fa2068dc6f481e813,1997-01-26T19:10:16.739Z,23,2017-09-29T08:50:28.847Z,3,078 482 04 62,078 466 97 02,AVS,756.0453.5319.95,https://randomuser.me/api/portraits/men/81.jpg,https://randomuser.me/api/portraits/med/men/81.jpg,https://randomuser.me/api/portraits/thumb/men/81.jpg,CH
male,Mr,محمدپارسا,رضاییان,6392,نبرد,ساری,کردستان,Iran,45513,38.6819,-156.0581,+6:00,"Almaty, Dhaka, Colombo",mhmdprs.rdyyn@example.com,3286ea99-f584-4a9b-a0f0-62946719cdf1,organictiger323,kamikaze,5uzWLrLR,41559f62fff21bf59938c5caf418b25f,cc0ae604dedea04ed3122eeec810482fef77fe3d,19a755d7e9c66df558317f2739af780bea7a0ab8a27cdd4c7c07bb8208d294c7,1961-06-17T08:45:14.696Z,59,2006-01-29T07:00:39.466Z,14,083-45498721,0925-282-4064,,null,https://randomuser.me/api/portraits/men/46.jpg,https://randomuser.me/api/portraits/med/men/46.jpg,https://randomuser.me/api/portraits/thumb/men/46.jpg,IR
male,Mr,Rintje,Maasland,9606,De Achthoek,Goudriaan,Noord-Holland,Netherlands,31280,-60.5770,-104.1219,+4:00,"Abu Dhabi, Muscat, Baku, Tbilisi",rintje.maasland@example.com,a608a6d8-4b04-46eb-9d4b-dd5d9719499e,goldentiger291,snake1,Di1Mgyih,8439436eb1ad8894bb78e0744a3c3da2,a319325b795bed39008b1a6e13aba90d83dfb7ce,c4df838d50ff03f600f44fa6935c43d872a661bb176b8c1c5698f7ae5ac28ae1,1952-12-19T18:17:25.015Z,68,2009-03-23T22:53:42.770Z,11,(059)-476-0791,(619)-165-0210,BSN,43068929,https://randomuser.me/api/portraits/men/20.jpg,https://randomuser.me/api/portraits/med/men/20.jpg,https://randomuser.me/api/portraits/thumb/men/20.jpg,NL
female,Ms,Inalda,Farias,319,Rua Castro Alves ,Lauro de Freitas,São Paulo,Brazil,68981,-51.1533,53.4191,+1:00,"Brussels, Copenhagen, Madrid, Paris",inalda.farias@example.com,faf643a4-e225-4817-b7c5-d7dfdbfe180f,blackkoala716,italy,zjN8hfUu,e7d7b949f14129430110d31f602917de,1cbcfad8bcf88f10cff903929f92deba3f229f0d,5390d5edaaf662d8537dcd6154e1c42eb150d551779a278d1ac33c0c8c7b677c,1987-10-15T00:48:33.296Z,33,2010-01-14T02:52:34.669Z,10,(54) 9769-2307,(37) 8495-9159,,null,https://randomuser.me/api/portraits/women/24.jpg,https://randomuser.me/api/portraits/med/women/24.jpg,https://randomuser.me/api/portraits/thumb/women/24.jpg,BR
male,Mr,William,Fleury,742,Rue du Village,Tours,Loire-Atlantique,France,78818,4.5552,27.2825,+5:45,Kathmandu,william.fleury@example.com,77441de7-7d07-49d0-96d6-a3776ea391fe,tinyzebra601,ferret,toYjDQZW,101c441524b57b04affd7058bb55876d,ca9aedd03c9e6d1c8c508688f7c4a5abc2215702,e7aa645cd55d62a9c43e73d22f7d7ccac18d7fcd20d45d4aae093f94c6a4ab69,1979-03-27T08:16:25.484Z,41,2016-10-03T15:18:30.261Z,4,02-02-68-01-45,06-42-48-79-70,INSEE,1NNaN12227606 37,https://randomuser.me/api/portraits/men/62.jpg,https://randomuser.me/api/portraits/med/men/62.jpg,https://randomuser.me/api/portraits/thumb/men/62.jpg,FR
female,Mrs,Liva,Andersen,6478,Akacievej,Saltum,Sjælland,Denmark,24366,6.8719,128.4295,-9:00,Alaska,liva.andersen@example.com,ee39bf08-e21a-4f42-ac66-533a5f2f992c,angrypanda475,horny,LTZwYo5x,2c8aaa8c7de7d082aebb7799ddc7618e,c26628ba63e925ebeaa2820f6fd26496ef633422,9ed51449bb29f4b7c43ce2765b242a34488185bc22b5cc9aa72494be0b329485,1946-12-04T09:48:42.948Z,74,2006-08-18T02:22:27.402Z,14,52307096,78158569,CPR,041246-5736,https://randomuser.me/api/portraits/women/1.jpg,https://randomuser.me/api/portraits/med/women/1.jpg,https://randomuser.me/api/portraits/thumb/women/1.jpg,DK
male,Mr,Gustavo,Vega,8683,Calle de Arturo Soria,Oviedo,Extremadura,Spain,59624,-9.7610,-135.2504,-1:00,"Azores, Cape Verde Islands",gustavo.vega@example.com,5835baa6-f338-4c2c-b555-96ca52e0630b,crazywolf836,space,XnmAH1yL,e7d5c309c6b0b0e395f1cf6116ff44ce,ba48095479b5b00cde8b3b994af979f7addc5d05,1e541c4df6c973f9b6c7cdd3e8a6fef6d4c9d198e23ff3a8aad4d94b34148528,1969-09-04T12:02:33.007Z,51,2009-11-23T02:31:29.182Z,11,933-054-647,629-541-243,DNI,29597644-S,https://randomuser.me/api/portraits/men/48.jpg,https://randomuser.me/api/portraits/med/men/48.jpg,https://randomuser.me/api/portraits/thumb/men/48.jpg,ES
female,Miss,Ariana,Moore,6909,Prince Albert Road,Whangarei,Gisborne,New Zealand,78388,37.5780,124.1915,+9:00,"Tokyo, Seoul, Osaka, Sapporo, Yakutsk",ariana.moore@example.com,d3c50eff-680c-4cfc-9d63-e39d95d587e2,beautifulpanda150,powell,fuF8ytGS,2092fe6f6109b0380508d64c15f96db5,d7a34836caccd7311ae9705f03842d8996b72ecf,de968918a8da664c71b05dba02fafcba81d5391f8299f0089b40bc5b7315c32e,1963-05-17T01:40:20.617Z,57,2013-09-05T16:45:36.488Z,7,(690)-583-0531,(662)-610-8034,,null,https://randomuser.me/api/portraits/women/48.jpg,https://randomuser.me/api/portraits/med/women/48.jpg,https://randomuser.me/api/portraits/thumb/women/48.jpg,NZ
female,Mrs,Juliette,Henry,7246,Grande Rue,Reims,Gard,France,89132,12.4923,77.8718,-6:00,"Central Time (US & Canada), Mexico City",juliette.henry@example.com,cd0c4ac8-dbf7-4a1f-81f1-f21e5d4c80a7,bigfrog514,everett,kMSdLNCO,ff628470b83f1b3d448ca922756e25d8,80c568bb76f26b433c8420a5ca04430b58e5cb43,2ee83b0dc3c26ba1282e445c3da3f3cf21930547c7c5f9a7ba851dfeebea6417,1970-04-14T04:43:00.878Z,50,2003-10-01T17:57:32.457Z,17,03-10-17-46-18,06-82-26-08-99,INSEE,2NNaN85945017 01,https://randomuser.me/api/portraits/women/80.jpg,https://randomuser.me/api/portraits/med/women/80.jpg,https://randomuser.me/api/portraits/thumb/women/80.jpg,FR
female,Miss,Carla,Guerrero,116,Avenida de La Albufera,Santander,Castilla y León,Spain,52880,89.0834,137.6434,-3:30,Newfoundland,carla.guerrero@example.com,4d92c542-7979-446a-a7c4-c86988b86253,tinykoala984,washburn,QQ5XRG0E,b64c469e0f78258085ed31a73c85f216,c809cfa67316f592bedda2ad6bfb54acedef8b63,4d1871055a21543c533283c360a154ecafdc3895d02c6ae293faa3f2f6a8111a,1994-10-27T12:42:37.493Z,26,2008-12-01T21:41:10.956Z,12,928-059-641,608-046-476,DNI,13627651-E,https://randomuser.me/api/portraits/women/87.jpg,https://randomuser.me/api/portraits/med/women/87.jpg,https://randomuser.me/api/portraits/thumb/women/87.jpg,ES
male,Mr,Mariano,Lorenzo,6989,Calle de Arturo Soria,Talavera de la Reina,Comunidad Valenciana,Spain,30734,-39.6412,-144.2217,-12:00,"Eniwetok, Kwajalein",mariano.lorenzo@example.com,815e02e4-2ee1-4dae-80af-077b6945e9f2,angrydog105,quentin,i30Px4B0,c6ac82a6521216e3e9727e4ab26c9647,07a5a06f945fb462d76da73a74152bcab0055e22,8e798c94cd69a86e9c7a79e68e1f040dccd00365cac7588dee39c9d24b219849,1946-03-11T19:52:21.160Z,74,2008-01-08T21:25:15.599Z,12,945-531-004,643-482-728,DNI,09079248-A,https://randomuser.me/api/portraits/men/38.jpg,https://randomuser.me/api/portraits/med/men/38.jpg,https://randomuser.me/api/portraits/thumb/men/38.jpg,ES
male,Mr,Mehmet,Ekşioğlu,4918,Talak Göktepe Cd,Bitlis,Sivas,Turkey,73955,-72.8693,-113.2527,+11:00,"Magadan, Solomon Islands, New Caledonia",mehmet.eksioglu@example.com,a6110af6-997e-4f8c-b10b-2a49a621870f,angrymouse594,daphne,MBl14z20,9a8bc0c78fb72d07b831825f97716f70,c1babc85ff8aff188eba624050de7248c2473fa5,a8a6a5eaaf0670ef577ea97f1ec25057e4202ab8ef833324e3712ceabbecf89d,1956-08-29T11:14:43.523Z,64,2013-01-26T22:17:14.372Z,7,(150)-621-2123,(522)-280-3964,,null,https://randomuser.me/api/portraits/men/99.jpg,https://randomuser.me/api/portraits/med/men/99.jpg,https://randomuser.me/api/portraits/thumb/men/99.jpg,TR
male,Mr,Magnus,Sørensen,3255,Hindbærvej,Sundby/Erslev,Hovedstaden,Denmark,80242,42.0412,-161.4766,+8:00,"Beijing, Perth, Singapore, Hong Kong",magnus.sorensen@example.com,b527c52a-04cf-4105-9f48-588ada41cc26,orangeleopard403,just4me,tY30wwcW,408f46a61fcf9b8d0e6d62bf002d0627,50513700ed6a059a7652a5f9edf85c0d3c69f002,0c31b016c8b0a6f07755b61344db4b7b617f73d3219a2b85d44928d2a00956fa,1959-12-25T00:25:38.411Z,61,2011-03-04T09:01:52.307Z,9,85783128,81987857,CPR,251259-5149,https://randomuser.me/api/portraits/men/51.jpg,https://randomuser.me/api/portraits/med/men/51.jpg,https://randomuser.me/api/portraits/thumb/men/51.jpg,DK
female,Ms,Angelina,Lefebvre,8300,Rue Louis-Garrand,Nantes,Haute-Corse,France,42310,-73.5161,11.7335,-6:00,"Central Time (US & Canada), Mexico City",angelina.lefebvre@example.com,eaa702ef-88ab-4e9d-9b60-5666c9713ca0,beautifulmouse539,kayleigh,YZYKcseh,4b4efca3a9016eb670332793d9ef046d,883f603d18d7b30062d317b0a002ded6facab2e6,5120da9f0c6792eb925b8682629cf9b5796750dc153b12e79a3a37147aad5fbd,1949-08-11T22:02:55.665Z,71,2011-04-27T10:01:53.113Z,9,05-89-89-80-31,06-78-76-79-07,INSEE,2NNaN30342691 96,https://randomuser.me/api/portraits/women/73.jpg,https://randomuser.me/api/portraits/med/women/73.jpg,https://randomuser.me/api/portraits/thumb/women/73.jpg,FR
male,Mr,Terrance,Armstrong,9471,Hickory Creek Dr,Los Lunas,North Dakota,United States,65365,-11.9759,-135.2363,-3:00,"Brazil, Buenos Aires, Georgetown",terrance.armstrong@example.com,64023834-9661-411e-b65d-f1df313a6e46,angrymeercat929,juliet,1da1Vfr1,15ff71cc5566968597269cc7224fd11b,3b6bf65e406aff591d0bc58e93a394d75df1d1cc,037cb2531839b82d8f4de27ff81b803f7800e4b7976490504737343bc0575add,1997-06-12T19:17:34.820Z,23,2003-03-12T00:05:51.035Z,17,(025)-136-9922,(585)-466-8476,SSN,901-95-5791,https://randomuser.me/api/portraits/men/69.jpg,https://randomuser.me/api/portraits/med/men/69.jpg,https://randomuser.me/api/portraits/thumb/men/69.jpg,US
female,Ms,Stella,Smith,2429,Sinclair Street,Christchurch,Otago,New Zealand,24165,-45.4619,-161.5041,+4:00,"Abu Dhabi, Muscat, Baku, Tbilisi",stella.smith@example.com,caa6bbc0-b953-4bed-936c-03b35a9753b7,sadduck436,zzzzzz1,qo9r6LAK,7fc6122ab7e5477f838f3bced41dff06,cb04db6fd67bee189380fd4db8eda3102cadb93b,75bda381beddcff6c933417b96a7fbaae3200083d71f7fb602e2d0eb79fe5a7c,1980-08-27T07:12:33.979Z,40,2017-11-02T21:44:47.303Z,3,(613)-658-1641,(766)-022-6503,,null,https://randomuser.me/api/portraits/women/83.jpg,https://randomuser.me/api/portraits/med/women/83.jpg,https://randomuser.me/api/portraits/thumb/women/83.jpg,NZ
male,Mr,Macit,Akbulut,313,Doktorlar Cd,Erzurum,Zonguldak,Turkey,64840,-44.6750,83.0627,+9:30,"Adelaide, Darwin",macit.akbulut@example.com,6ce06aa1-3eb9-4c67-9591-e95f2dcd5a12,yellowdog697,goalie,BMcaQwSA,f6faa192c94d72bd25d82d71011bc30d,f170c534b354b0428d955f57763f22d27b59f408,edd4c0a0e110eca3816e22d85bd251eb2b436e8de35bf1832583c1e18375c116,1962-05-18T16:52:38.611Z,58,2012-09-10T17:52:42.979Z,8,(937)-341-5066,(901)-019-7776,,null,https://randomuser.me/api/portraits/men/88.jpg,https://randomuser.me/api/portraits/med/men/88.jpg,https://randomuser.me/api/portraits/thumb/men/88.jpg,TR
female,Ms,Cinira,Peixoto,2915,Rua Dezenove de Outubro,Santa Bárbara D'Oeste,Espírito Santo,Brazil,18326,60.2682,100.4109,-9:00,Alaska,cinira.peixoto@example.com,5eb13f83-6961-48bd-9abe-2b05d15cab2f,angrysnake861,shopper,WFiAS8Qc,f626f208322699b101f5b37b1606b572,87a639ad11ca31b8ce279c3cfa00242e823a7d0b,c32a1f543f2ab13ae1824ab621b59d2314a77314c1faa1c7c58ad772678f71e4,1981-03-23T08:01:47.156Z,39,2005-01-10T23:10:35.925Z,15,(95) 7603-4601,(83) 3598-7000,,null,https://randomuser.me/api/portraits/women/84.jpg,https://randomuser.me/api/portraits/med/women/84.jpg,https://randomuser.me/api/portraits/thumb/women/84.jpg,BR
female,Miss,Christiane,Nelson,6095,Hieronymus Heyerdahls gate,Torvika,Aust-Agder,Norway,0154,29.0967,97.6836,+1:00,"Brussels, Copenhagen, Madrid, Paris",christiane.nelson@example.com,aa7af0d1-9d0c-43ed-986b-c5dc4ef92f0e,purplemeercat420,gary,qodmsHLD,d312066a51fd7ea00267b824d05a7edc,82ebc7f6e5ba4240d1482577a99ec453d6be663c,79ab8efdd0440a3c9bd3cb161043516cfcbefa4b9f406b47d53d16f118e8308f,1951-11-13T01:19:04.507Z,69,2009-12-24T07:39:37.044Z,11,88038919,94361349,FN,13115106435,https://randomuser.me/api/portraits/women/42.jpg,https://randomuser.me/api/portraits/med/women/42.jpg,https://randomuser.me/api/portraits/thumb/women/42.jpg,NO
male,Mr,Robert,Ritz,561,Mozartstraße,Lübeck,Hessen,Germany,31906,10.3648,75.3542,-1:00,"Azores, Cape Verde Islands",robert.ritz@example.com,fdbbb33e-6414-45f9-afa2-b21849574dbc,whitecat968,scxakv,aLJZ5LZs,38611518cd1756dfb1401507d262525b,cd5520d67077e5cbad26fcb020c53925baec9275,4340930c4ac7c78d33e3bffcc9945b9c7ed0b8d5ed0e41eba1b4db52fa959234,1988-01-22T15:40:46.817Z,32,2010-04-26T11:08:33.544Z,10,0006-0483827,0170-5418023,,null,https://randomuser.me/api/portraits/men/52.jpg,https://randomuser.me/api/portraits/med/men/52.jpg,https://randomuser.me/api/portraits/thumb/men/52.jpg,DE
male,Mr,Samu,Nevala,9402,Reijolankatu,Reisjärvi,Satakunta,Finland,72851,38.5901,-98.8508,+8:00,"Beijing, Perth, Singapore, Hong Kong",samu.nevala@example.com,2e7e6cac-431b-462f-b443-57756cd172bc,sadlion732,sounds,IvoiLwSZ,e1b97c8fb8f416ccd695c915b2a38e41,797b8861b0b5c35538b73b24bf3084e533d5f1c5,47b149c16a3d254853d2a5628d55f3d2797a78e833edecac89330048d7afc5c6,1947-11-11T20:01:46.639Z,73,2007-08-22T05:19:15.962Z,13,05-787-297,046-755-00-36,HETU,NaNNA725undefined,https://randomuser.me/api/portraits/men/44.jpg,https://randomuser.me/api/portraits/med/men/44.jpg,https://randomuser.me/api/portraits/thumb/men/44.jpg,FI
male,Mr,William,Betz,9984,Beethovenstraße,Wesel,Hamburg,Germany,54512,44.7508,-99.6051,+4:00,"Abu Dhabi, Muscat, Baku, Tbilisi",william.betz@example.com,6d960ee3-cede-4081-afc8-4429788d8a93,organicsnake913,mistress,QNxnCHgn,3042b2bf6a404840d68f8972ebd0bbf6,2a98134c2ff435ceee8e181a215b39ae778dcf7e,b65b82bddae88b880a20bbef392e2fbafd8229f43412b15d1e0f2b37a467fce1,1956-11-30T10:21:24.033Z,64,2016-12-31T15:00:11.232Z,4,0987-6500635,0174-8515687,,null,https://randomuser.me/api/portraits/men/23.jpg,https://randomuser.me/api/portraits/med/men/23.jpg,https://randomuser.me/api/portraits/thumb/men/23.jpg,DE
female,Ms,Kaisa,Brøndbo,578,Sponhoggveien,Leira,Telemark,Norway,6652,-56.7513,17.8855,0:00,"Western Europe Time, London, Lisbon, Casablanca",kaisa.brondbo@example.com,cefc2577-eaf2-441d-968f-03ecdc532765,greenswan716,force,tpwkJoTZ,7c141c28767e869f0f1ef7be2cf712c1,ccc363f630a7a194118b0c100caaf1c138da4206,fc962fa14beb7de0f9fd52308d4c4da3f49fa4b7f334d983819094609d8650e8,1981-08-24T06:56:24.543Z,39,2015-12-28T03:40:30.058Z,5,55276338,91592934,FN,24088129675,https://randomuser.me/api/portraits/women/77.jpg,https://randomuser.me/api/portraits/med/women/77.jpg,https://randomuser.me/api/portraits/thumb/women/77.jpg,NO
female,Miss,Alejandra,Flores,5332,Avenida de Andalucía,Ferrol,País Vasco,Spain,36144,-31.5581,-146.8022,+4:30,Kabul,alejandra.flores@example.com,d8d67796-4b29-4059-84e4-bdf5d8396d84,beautifulbird194,cattle,zvLwIA0L,bb4e2545270baedf347471c48aa20276,c82c4fdfff9475cea75baf0dbaf2ab17cb3bad3c,1593202401621bd4d26bf6be1469ce27d40beb704f8ba23013d4757302cf0374,1969-07-06T14:09:21.149Z,51,2006-06-05T01:07:23.259Z,14,942-700-836,608-175-579,DNI,89978163-B,https://randomuser.me/api/portraits/women/70.jpg,https://randomuser.me/api/portraits/med/women/70.jpg,https://randomuser.me/api/portraits/thumb/women/70.jpg,ES
female,Mrs,Harper,Wilson,5843,20th Ave,Vanier,Northwest Territories,Canada,Q8H 0R7,5.0890,-58.8245,-8:00,Pacific Time (US & Canada),harper.wilson@example.com,3f198290-61dd-4756-976f-be8e570e4351,lazyduck843,condom,7bvbSEe9,49f4fd9baf36837a6c5f813826b334d6,8207685fc5d91956971f392c1b64dd455c8d4faa,0b15275e951dabfd25ec14fed68f6a535140caca95c62cbdcd4b248e945f29db,1961-09-15T19:41:45.885Z,59,2002-07-24T22:26:20.025Z,18,192-821-6188,505-094-9169,,null,https://randomuser.me/api/portraits/women/70.jpg,https://randomuser.me/api/portraits/med/women/70.jpg,https://randomuser.me/api/portraits/thumb/women/70.jpg,CA
male,Mr,Asher,White,4784,Fraser Street,Greymouth,Northland,New Zealand,83274,-83.8941,-172.0017,-4:00,"Atlantic Time (Canada), Caracas, La Paz",asher.white@example.com,faf45905-cf30-4c6f-bb9d-74736782bdb0,blackfish952,splinter,mASOe7FC,7e13f6f618beed86d8a8e392e8511ce3,2de23355efed7ddd870072dd77ee5cb38951c410,f2538d9c7d19035b15c3d13af92a1a280799322d506edbc623cb5911936a74e9,1988-06-23T16:37:00.326Z,32,2009-03-11T10:30:31.675Z,11,(440)-967-1597,(640)-027-4805,,null,https://randomuser.me/api/portraits/men/88.jpg,https://randomuser.me/api/portraits/med/men/88.jpg,https://randomuser.me/api/portraits/thumb/men/88.jpg,NZ
male,Mr,Batur,Kaplangı,8210,Kushimoto Sk,Sinop,Burdur,Turkey,69944,77.0365,171.4541,+5:00,"Ekaterinburg, Islamabad, Karachi, Tashkent",batur.kaplangi@example.com,c16c8e66-8ac4-46da-91be-3137ffc981b4,heavyrabbit574,wetter,dqeCnsrQ,662dfc03e169bd0c0cf48200bca95a40,1f206f2d9bbbdede7db87be066b1bfbbb3e127d5,770205d5c5604f241796ae4dbaccce20a6f9fbccf702457cc96da787941588b8,1950-05-13T15:12:10.927Z,70,2019-06-26T02:28:28.924Z,1,(459)-709-9090,(498)-434-6890,,null,https://randomuser.me/api/portraits/men/78.jpg,https://randomuser.me/api/portraits/med/men/78.jpg,https://randomuser.me/api/portraits/thumb/men/78.jpg,TR
male,Mr,Luukas,Salmi,5960,Rotuaari,Luvia,Kainuu,Finland,18843,-64.4283,-103.2739,0:00,"Western Europe Time, London, Lisbon, Casablanca",luukas.salmi@example.com,b3c549ad-e12f-407c-93ba-ba1c3bd2b732,silverfrog231,working,5zLhiCz7,83c968fd19fbe6801877f4e64d04603c,123123b85c794aaf57d3a61c8efd7f551386265b,29c8539072331b6efc3f90eaa6aae087450bb1a889b463dc10c4932621f8ac80,1966-09-15T18:32:19.592Z,54,2011-02-24T15:26:22.116Z,9,08-200-715,048-270-51-70,HETU,NaNNA973undefined,https://randomuser.me/api/portraits/men/52.jpg,https://randomuser.me/api/portraits/med/men/52.jpg,https://randomuser.me/api/portraits/thumb/men/52.jpg,FI
male,Mr,Akseli,Lehtola,1436,Tehtaankatu,Raseborg,Southern Ostrobothnia,Finland,42533,-36.6092,-112.9347,+5:00,"Ekaterinburg, Islamabad, Karachi, Tashkent",akseli.lehtola@example.com,5062e9ee-7406-4579-acbf-81038751a381,brownwolf219,manila,6gs7yBAu,79f559a5677387c36f728d25bb088c8d,f0a407537993b29f5e55e135fd4eb0c05c619298,fb66d4ce80172616cc74ccd0721e25b561e49e88276dffa5f33924195426aff9,1983-08-02T03:12:32.349Z,37,2011-07-25T10:56:09.154Z,9,03-157-282,049-930-89-01,HETU,NaNNA643undefined,https://randomuser.me/api/portraits/men/67.jpg,https://randomuser.me/api/portraits/med/men/67.jpg,https://randomuser.me/api/portraits/thumb/men/67.jpg,FI
female,Miss,Rosa,Petersen,8844,Grønnevej,Ølstykke,Nordjylland,Denmark,73087,-25.8798,-123.6755,-3:00,"Brazil, Buenos Aires, Georgetown",rosa.petersen@example.com,a3cdfa98-6c44-4e40-a018-078922101593,crazykoala752,porno,oLudZinU,cf6dd8551135380a2b0caa7e9ea195b0,996c855373a101d160efa8dba5c008eedfa8d266,119c3e3674aa8419e387d5202f1e2633e3482d54a9dc1b56e6bd79f44f7b0b0a,1947-08-26T07:53:25.042Z,73,2012-06-05T08:46:08.688Z,8,41775185,60037507,CPR,260847-0739,https://randomuser.me/api/portraits/women/14.jpg,https://randomuser.me/api/portraits/med/women/14.jpg,https://randomuser.me/api/portraits/thumb/women/14.jpg,DK
male,Mr,Topias,Raisanen,6491,Hämeenkatu,Kotka,Northern Savonia,Finland,17179,84.7275,65.5088,+9:30,"Adelaide, Darwin",topias.raisanen@example.com,b192f1d1-980e-4b35-8e82-a5e558f83178,blackcat279,daphne,5gY0njmh,c80ec927e49ecb6ae8fb1359561b3593,805c2803bda8dfe4398195baf08f6bf7e677b78d,4b5e77732ee11ba98c29b3dcaf2ca55a948bbbeda13ac3d57c309eac64edd2cb,1972-12-05T12:13:20.644Z,48,2005-12-24T10:43:17.220Z,15,05-780-526,042-694-88-04,HETU,NaNNA189undefined,https://randomuser.me/api/portraits/men/7.jpg,https://randomuser.me/api/portraits/med/men/7.jpg,https://randomuser.me/api/portraits/thumb/men/7.jpg,FI
female,Miss,Theres,Seelig,3877,Wiesenweg,Mannheim,Hamburg,Germany,76485,64.3075,105.0712,+6:00,"Almaty, Dhaka, Colombo",theres.seelig@example.com,985545c6-630f-4375-95fb-7b264796336c,orangegorilla708,pistol,5in4sLOT,3e1b153f237ac3000f03bf4de60fa014,eb44fa3d14a98d5fd8426a500e2d1b8cbd44500c,197fbe728db58ce540ac59b0136be6ceecb7b6c89afe59d4a12e63ba030a790f,1996-02-23T20:10:11.956Z,24,2017-11-18T09:06:28.094Z,3,0027-6083740,0173-3993567,,null,https://randomuser.me/api/portraits/women/54.jpg,https://randomuser.me/api/portraits/med/women/54.jpg,https://randomuser.me/api/portraits/thumb/women/54.jpg,DE
male,Mr,Jacob,Ouellet,7302,Frederick Ave,Selkirk,New Brunswick,Canada,A3Y 2X9,84.4238,139.1166,+9:30,"Adelaide, Darwin",jacob.ouellet@example.com,c6c7d307-a3a6-4aaf-8030-786861fe8a2d,tinymouse812,misfits,YrLh9KkS,8364b074a4a40c2d18d55d1bf1c6c8ce,351b077137cb69bb9a6cc2c3f555ae892f298056,dff4da8e4ebc82c7b9359eb2c2d8850c57858160daad16c86ee60eb199d54a37,1974-01-26T20:53:29.576Z,46,2010-07-04T21:43:17.273Z,10,367-892-0946,611-155-8403,,null,https://randomuser.me/api/portraits/men/66.jpg,https://randomuser.me/api/portraits/med/men/66.jpg,https://randomuser.me/api/portraits/thumb/men/66.jpg,CA
female,Miss,Roxane,Robert,2762,Boulevard de la Duchère,Amiens,Nièvre,France,46478,-51.2644,101.5998,+2:00,"Kaliningrad, South Africa",roxane.robert@example.com,ad7c6e56-c949-4b89-a343-7e5796fdb324,smallduck944,maxime,FEl8R0f6,f3f7ce1744849eb48182cdb22e9028a6,54864833867e0e01605a4b08f7456171e4fa2474,98f6d577813435d0457b1ecfde4a2b2fe4ada64e91dcb325505b5cd958cc5db1,1998-02-19T15:50:58.807Z,22,2010-04-30T08:42:22.658Z,10,02-41-80-80-25,06-00-30-27-76,INSEE,2NNaN30395619 15,https://randomuser.me/api/portraits/women/31.jpg,https://randomuser.me/api/portraits/med/women/31.jpg,https://randomuser.me/api/portraits/thumb/women/31.jpg,FR
female,Ms,Francien,Dijksterhuis,3792,Aan de Schakel,Wilsum,Groningen,Netherlands,96621,10.1354,-105.8591,+6:00,"Almaty, Dhaka, Colombo",francien.dijksterhuis@example.com,d370b7b3-c79f-4549-b72d-91621d5e3263,orangepanda310,readers,7Yb9JSPJ,c41159e755bf0b7d776b704bea7b8896,c95d15ccf4767aff73273ebec0a19b5e920687ee,513086a7de7332e6d09c477abc88ee46fe5443356c8e88edba58292fe0f8ef23,1951-08-24T22:04:04.139Z,69,2015-09-21T04:29:09.193Z,5,(587)-973-6467,(514)-691-3820,BSN,84705600,https://randomuser.me/api/portraits/women/63.jpg,https://randomuser.me/api/portraits/med/women/63.jpg,https://randomuser.me/api/portraits/thumb/women/63.jpg,NL
male,Mr,Dan,Sutton,4760,Main Street,Mullingar,Galway City,Ireland,89694,-84.3628,12.4695,-11:00,"Midway Island, Samoa",dan.sutton@example.com,e6ba1ce3-92f1-4980-b117-519df3f1b66f,beautifulrabbit278,penny,uxcsdPe2,22e17e94e009e7f20fd093e224cedb26,24c4b854497a0e42215570fabd508f352b2cdb04,e755730a1aabcdfa9df387e75acf1f9347e345a677d3bf015550a464aba08973,1991-07-20T11:04:59.354Z,29,2006-09-11T05:18:44.064Z,14,021-217-5653,081-258-3600,PPS,2171645T,https://randomuser.me/api/portraits/men/47.jpg,https://randomuser.me/api/portraits/med/men/47.jpg,https://randomuser.me/api/portraits/thumb/men/47.jpg,IE
male,Mr,Joona,Leino,2734,Verkatehtaankatu,Halsua,Tavastia Proper,Finland,49608,-0.7157,-168.5408,+10:00,"Eastern Australia, Guam, Vladivostok",joona.leino@example.com,27fa62af-21b5-4727-ac74-87fcbe450b4c,crazymouse457,schalke,dGGsHPtN,c98d607f64ff098c0ef5dea6ae7a0945,94e37b05da70472da7266a80d393e3092aeb98ab,fcc85ed10cf68856f73dd61e534e81c1c36cfa38b291a0e82bb09c8c5291910e,1980-09-10T09:21:55.398Z,40,2002-09-16T07:54:08.201Z,18,05-339-755,041-845-97-39,HETU,NaNNA713undefined,https://randomuser.me/api/portraits/men/99.jpg,https://randomuser.me/api/portraits/med/men/99.jpg,https://randomuser.me/api/portraits/thumb/men/99.jpg,FI
female,Miss,Malou,Nielsen,2935,Lokesvej,Ølstykke,Syddanmark,Denmark,30621,62.5229,-5.0281,-3:30,Newfoundland,malou.nielsen@example.com,e8e28f74-f4c1-4df9-853d-27bdc5ef8ad9,yellowostrich216,ilikeit,rCXcnH8t,dd679751a16207cfa93a0cc2da359466,4c74cf78be7aef506f9ad294c470deab0acb3ca9,31a1526ab0af829e2830dadcd3fe0caeb7498eac12c5eb87e44d831b7621b0d7,1997-02-03T01:35:57.878Z,23,2008-09-05T17:34:01.015Z,12,46549794,36366313,CPR,030297-9884,https://randomuser.me/api/portraits/women/8.jpg,https://randomuser.me/api/portraits/med/women/8.jpg,https://randomuser.me/api/portraits/thumb/women/8.jpg,DK
female,Miss,Erika,Bodin,9076,Gamle Maridalsvei,Kjøllefjord,Bergen,Norway,1413,-20.3848,-177.9451,+9:30,"Adelaide, Darwin",erika.bodin@example.com,4ae03787-36db-4fb0-a344-ba1a5e4e8051,angrypeacock916,jill,wcptAo3g,1d526efc31e891493dc66c0e8d235503,86da65e195a2365be7a5ba5f4f22fddfc60cb48b,bca274a374cb9066587fdf020d94813fe3ed4f788a0868bdd504abe711bb564c,1960-12-02T06:55:01.501Z,60,2011-08-21T23:14:44.858Z,9,78317997,44811742,FN,02126016495,https://randomuser.me/api/portraits/women/8.jpg,https://randomuser.me/api/portraits/med/women/8.jpg,https://randomuser.me/api/portraits/thumb/women/8.jpg,NO
male,Mr,Daryl,Austin,7589,Depaul Dr,Warragul,Queensland,Australia,2980,26.5996,-174.5191,+4:00,"Abu Dhabi, Muscat, Baku, Tbilisi",daryl.austin@example.com,bc29bd5d-3e67-40b6-8408-460b0fabe29c,happygorilla541,wwwww,UnGG7V3l,a27c707ebda13706b9886731fd332255,6e34e8e05fa31fb9e7c3208b8acbc65a3a56855b,7645cbb14806cae2d7b2dc4f1ae60945c2b5aed8e6f706ba7edbead4526f00ed,1978-11-19T08:12:45.767Z,42,2009-06-22T06:13:22.638Z,11,03-5657-0752,0423-528-642,TFN,534670893,https://randomuser.me/api/portraits/men/97.jpg,https://randomuser.me/api/portraits/med/men/97.jpg,https://randomuser.me/api/portraits/thumb/men/97.jpg,AU
female,Miss,Maya,Rey,9438,Rue du Moulin,Strasbourg,Alpes-Maritimes,France,35054,12.7077,59.7964,+4:00,"Abu Dhabi, Muscat, Baku, Tbilisi",maya.rey@example.com,e9b59607-f6d5-4a98-8336-8d69d4ed7775,heavyladybug235,london1,QkRjt1M0,568ba3903bc074a873fb1cab2c21b251,d63cd9871b8612f7275706f8d7c26f879d013cc4,e91ef3157ea2a83345bec74c319a5da78bb5e04878979add1c43f84ff653c41d,1976-12-10T16:11:09.659Z,44,2013-11-28T04:36:44.689Z,7,05-90-31-50-80,06-16-84-62-53,INSEE,2NNaN18943418 94,https://randomuser.me/api/portraits/women/67.jpg,https://randomuser.me/api/portraits/med/women/67.jpg,https://randomuser.me/api/portraits/thumb/women/67.jpg,FR
male,Mr,Hudson,Hughes,3597,Fenton Street,Hamilton,Otago,New Zealand,52322,-25.6452,-165.1601,+9:00,"Tokyo, Seoul, Osaka, Sapporo, Yakutsk",hudson.hughes@example.com,86a7c3f8-7236-454f-9ecb-76bd9183ebbf,saddog934,nnnnn,hR4KpRwe,e405fdf53627d67521f800315d44f944,fa2354ab0d208e112750f3d201955b37732fa57f,395aadabdbda274550d6e1e22cec79b273f8ceef41268f8acec2fad89ba37ac3,1955-05-15T09:19:39.915Z,65,2010-12-26T08:39:08.370Z,10,(755)-739-7757,(990)-197-3517,,null,https://randomuser.me/api/portraits/men/66.jpg,https://randomuser.me/api/portraits/med/men/66.jpg,https://randomuser.me/api/portraits/thumb/men/66.jpg,NZ
female,Ms,Marilou,Fabre,3284,Rue du Dauphiné,Nice,Corse-du-Sud,France,82254,-55.5964,93.5532,-5:00,"Eastern Time (US & Canada), Bogota, Lima",marilou.fabre@example.com,158f658b-b0b0-45a8-af08-c609519a3a30,crazyfrog524,teddy,NUyxMNUF,b8fffb6766d6105b27b6d81e0672bc0c,f828dd15825778f723800edd6bc1c17f718ea5a5,a145f0d6c39edde470e33d1f62c99ecebe16ac628342dad5bf1c310553905ae5,1959-02-09T12:21:10.960Z,61,2010-01-27T20:38:07.623Z,10,01-48-83-78-91,06-63-55-59-14,INSEE,2NNaN71936166 24,https://randomuser.me/api/portraits/women/93.jpg,https://randomuser.me/api/portraits/med/women/93.jpg,https://randomuser.me/api/portraits/thumb/women/93.jpg,FR
female,Miss,Christina,Walters,4826,Elgin St,Wollongong,Western Australia,Australia,2438,55.7888,-157.6686,+3:30,Tehran,christina.walters@example.com,467a76a3-b2b4-4e29-b09a-7a515771d821,lazyzebra618,word,4UfHlQei,5037cb0b43759128010bf7b99fc428b2,ac898aae90b2d0fff3473d1ba5a1e6a85492cbdb,9c1109513d034b59c3ca66cf5205c0b8aedba69bb2bb4557c6b3c8c137bd1b29,1995-11-04T20:37:15.125Z,25,2019-03-24T20:56:51.886Z,1,02-9302-8579,0421-246-521,TFN,217344035,https://randomuser.me/api/portraits/women/2.jpg,https://randomuser.me/api/portraits/med/women/2.jpg,https://randomuser.me/api/portraits/thumb/women/2.jpg,AU
female,Mrs,Deborah,Bennett,1933,Oaks Cross,Kingston upon Hull,East Sussex,United Kingdom,Y2Z 6FA,-59.0468,106.3069,+4:00,"Abu Dhabi, Muscat, Baku, Tbilisi",deborah.bennett@example.com,7a2ec44a-0eff-4d8f-a902-c136e261502c,silverpanda142,maryann,EEMxUsoB,1f8a426297072dfacd9d59b3ae7f7979,773dc0070e1fa573e1270428f37bcbcd9ff981ad,b6828952053f1dc094f52ed76833feddc4d02c66d8de46ace6d8631b33b37b70,1974-12-22T00:42:03.183Z,46,2007-02-13T02:47:26.468Z,13,01783 13390,0710-808-086,NINO,OS 02 60 01 F,https://randomuser.me/api/portraits/women/52.jpg,https://randomuser.me/api/portraits/med/women/52.jpg,https://randomuser.me/api/portraits/thumb/women/52.jpg,GB
male,Mr,Onni,Raisanen,5037,Suvantokatu,Muonio,Uusimaa,Finland,15196,-25.9143,-8.4783,+9:30,"Adelaide, Darwin",onni.raisanen@example.com,bbecb8f7-fd7f-4e6e-8e09-fa720c17a7cb,blackmeercat667,hitman,l6AXHaHg,f846358f37b443af16b2b6b1d6ef1867,bac1608a331d533ba5825467811cad550d73ad2e,e4c202054fdc4421127d2f2d1c2d032fc09acb28424a3d51d483c8e5eaeabb42,1946-01-25T13:25:06.143Z,74,2005-11-27T08:54:02.264Z,15,05-353-518,046-300-03-80,HETU,NaNNA537undefined,https://randomuser.me/api/portraits/men/85.jpg,https://randomuser.me/api/portraits/med/men/85.jpg,https://randomuser.me/api/portraits/thumb/men/85.jpg,FI
male,Mr,Antoine,Lefebvre,7324,Rue de L'Abbé-Patureau,Roubaix,Yonne,France,98862,-61.5239,-44.8489,+5:30,"Bombay, Calcutta, Madras, New Delhi",antoine.lefebvre@example.com,93ba8126-0b70-4b5d-832e-fa6e7fb03005,brownmeercat550,wert,doL2DCEx,1167c95253b0db0b1168fe92831a2514,ec9b2cb37fc453f38229497ce9cf4d5d1b00ee1b,033f8a1ef201ab06eec4118efef2b08a838843eb8d72e847582887263a6bbf4a,1989-06-23T09:14:31.858Z,31,2007-06-20T09:36:18.036Z,13,05-78-36-61-27,06-50-10-06-34,INSEE,1NNaN46758302 91,https://randomuser.me/api/portraits/men/9.jpg,https://randomuser.me/api/portraits/med/men/9.jpg,https://randomuser.me/api/portraits/thumb/men/9.jpg,FR
male,Mr,Steve,Blank,5102,Waldstraße,Staufenberg,Thüringen,Germany,15672,-20.5882,-12.9604,-3:30,Newfoundland,steve.blank@example.com,88620167-56e4-4b4c-8f1c-e37d0e7a5f74,purplelion635,snowball,89qRnWd1,cc81f9004e4d5a09c34a93e1c8c1ff03,43534677f66165cd6e2f57ffc4767501321e61d3,b201fc61f696a7b045d5e2840fc4ac94eb6a9e01e2f3c84ada4dbc6572b570fc,1961-12-25T08:39:27.799Z,59,2004-11-21T06:16:26.146Z,16,0300-7944389,0170-6121647,,null,https://randomuser.me/api/portraits/men/99.jpg,https://randomuser.me/api/portraits/med/men/99.jpg,https://randomuser.me/api/portraits/thumb/men/99.jpg,DE
male,Mr,Miro,Moilanen,3919,Hämeentie,Karijoki,Satakunta,Finland,73908,-61.5498,79.1017,+1:00,"Brussels, Copenhagen, Madrid, Paris",miro.moilanen@example.com,b973de6d-f40a-4839-b390-a4243458443d,whitemouse611,lestat,xfow4nYn,a906e7be08636983fa6157f00dc2781e,3b8ce0a1a5285252c505b0c064ebb65b933c4991,73c5d09545df9535f7567f1621943bb5f1f1d71b78ea40b42986ef1c313f89e0,1950-07-08T17:25:29.913Z,70,2014-10-19T22:31:19.750Z,6,07-792-777,047-727-80-14,HETU,NaNNA443undefined,https://randomuser.me/api/portraits/men/17.jpg,https://randomuser.me/api/portraits/med/men/17.jpg,https://randomuser.me/api/portraits/thumb/men/17.jpg,FI
female,Mrs,Ethel,Murray,1293,Lone Wolf Trail,Maitland,New South Wales,Australia,6063,-75.5449,-49.1606,+3:30,Tehran,ethel.murray@example.com,f96558ed-54d2-4c5d-9f55-0c8885488e8c,orangelion984,collin,g9AXBX1l,be0469796dc8e8429ac0fd6a0841613a,2658c87e81eab4fbaaa728175cd6e340b9ebf808,faa0dd07d061638db6ffa0279ee32a986890e9b57f9b6d9d2814f445c7ec0831,1994-05-09T00:32:25.761Z,26,2004-01-15T21:44:32.517Z,16,06-9620-8195,0447-425-823,TFN,422363820,https://randomuser.me/api/portraits/women/25.jpg,https://randomuser.me/api/portraits/med/women/25.jpg,https://randomuser.me/api/portraits/thumb/women/25.jpg,AU
female,Ms,Maja,Pedersen,6338,Ingemannsvej,Esbjerg V,Syddanmark,Denmark,66182,63.0139,-40.3100,-8:00,Pacific Time (US & Canada),maja.pedersen@example.com,23ce2fdc-c8b9-416e-ba18-e3de955cdd90,angrygorilla332,shan,tpz4GzyD,629a7ddbaeb32965b29f15d5345a9934,c115381545c49ada191530e2ae8389434b988028,14c2ed3f23326102ebcb58b3c2eed1703fea94b22a1d3b41c2c247dee5b1b7d3,1951-05-12T18:05:08.450Z,69,2004-05-18T17:59:58.003Z,16,10285182,46855870,CPR,120551-7223,https://randomuser.me/api/portraits/women/84.jpg,https://randomuser.me/api/portraits/med/women/84.jpg,https://randomuser.me/api/portraits/thumb/women/84.jpg,DK